TORO,Floor 1,THP Training,,
Panel Type,Finished Width,Finished Height,Tag,Colour
THP_1,14.75,58.75,39,MF
THP_1,14.75,58.75,42,MF
THP_1,14.75,58.75,47,MF
THP_1,14.75,58.75,50,MF
THP_2,14.75,10.125,58,MF
THP_2,14.75,10.125,64,MF
THP_2,14.75,10.125,71,MF
THP_2,14.75,10.125,79,MF
THP_2,14.75,10.125,85,MF
THP_2,14.75,10.125,89,MF
THP_2,14.75,11.375,39,MF
THP_2,14.75,11.375,42,MF
THP_2,14.75,11.375,47,MF
THP_2,14.75,11.375,50,MF
THP_2,14.75,11.375,58,MF
THP_2,14.75,11.375,64,MF
THP_2,14.75,11.375,71,MF
THP_2,14.75,11.375,79,MF
THP_2,14.75,11.375,85,MF
THP_2,14.75,11.375,89,MF
THP_2,14.75,59.75,58,MF
THP_2,14.75,59.75,64,MF
THP_2,14.75,59.75,71,MF
THP_2,14.75,59.75,79,MF
THP_2,14.75,59.75,85,MF
THP_2,14.75,59.75,89,MF
THP_2,14.75,9.125,39,MF
THP_2,14.75,9.125,42,MF
THP_2,14.75,9.125,47,MF
THP_2,14.75,9.125,50,MF
